token,category_token,width,length,height
b'Lu?K\xe9{X\xe7',b'\xfdi\x05\x9bb\xa3F\x9f',1.9401308059692384,4.592973518371582,1.6523237228393555
b'Z\x1f\x8c\x13\x922X\xf9',b'*\x10\x9a\xb4\xba\xd9@*',1.277820889264999,0.9976387615714317,1.3648793872884506
b'\xe1\x93\xc6\xfdq\xcb[%',b'*\x10\x9a\xb4\xba\xd9@*',1.3662534870833984,1.1050637638184762,1.5005580210508975
b'n\x1cw[\xc0`S\x8a',b'\xfdi\x05\x9bb\xa3F\x9f',2.0253472805023196,5.2511372566223145,1.6761287689208986
b'\xe05\xd2\x83\xd3@Sf',b'\xfdi\x05\x9bb\xa3F\x9f',1.8424755930900574,4.547290182113647,1.63321772813797
b'\xd8\xf4\x87\x9e\xfc\xc6]\xd8',b'\xfdi\x05\x9bb\xa3F\x9f',1.9368807077407837,4.8556780338287355,1.673646628856659
b'z\xdcw\xb5 f_\x07',b'\xfdi\x05\x9bb\xa3F\x9f',1.9519354701042175,4.659520864486694,1.9046928882598877
b'\xfb\xc6\x9a!/\xefR\x0f',b'*\x10\x9a\xb4\xba\xd9@*',1.3328606268572216,1.065608758744389,1.4239036801757619
b'\xd611w\xd6\x89_\x13',b'\xfdi\x05\x9bb\xa3F\x9f',2.00620014667511,4.93353042602539,1.6554403185844422
b'\xe3\x1d\x19\xe2\x1a\xceY\x15',b'\xfdi\x05\x9bb\xa3F\x9f',2.62630033493042,6.76334810256958,3.199265718460083
b'x\x10#\x92\x1b\xe5T{',b'\xfdi\x05\x9bb\xa3F\x9f',1.9801881074905396,4.683107089996338,1.8078208804130553
b'\x1c\xd8\x1f\xb3\xe7\xda[/',b'l\xad\x90n\xb0\xb9K\xb5',0.8089416000298921,0.7819165184241768,1.7893398428557166
b'%\x95\xba\xa5\xc8\x8c^\xb9',b'l\xad\x90n\xb0\xb9K\xb5',0.8810685166722372,0.8141069861428468,1.863357816222759
b'\x98j\xc9FF\x0fP\x84',b'l\xad\x90n\xb0\xb9K\xb5',0.9141285736667926,0.8732236095525767,1.7276081783821768
b'\xc1\xa3T`\x9a_Rg',b'.\x81\x0c\xd3q\x8dI\xab',0.8596787603658804,0.987707897608268,1.2353458589186816
b'%\x9e\xe0\x18\x93\x8b^\xbb',b'\x85\xab\xeb\xdc\xcdMF\xc7',0.35598219569690587,0.35522155240559994,0.7355657025421699
b'\xcc\xf1\xc7\xb24f[a',b'l\xad\x90n\xb0\xb9K\xb5',0.886619194916699,0.8167697877529329,1.9226202993049117
b'\xa7\xc9\xd4\xa5\xeeC^=',b'\x85\xab\xeb\xdc\xcdMF\xc7',0.3954486548900604,0.3901131572028425,0.793606766084906
"b'v""\x89\x00\xfbuP\xf5'",b'.\x81\x0c\xd3q\x8dI\xab',1.0557114473636315,0.6555345839936138,1.5058426760130295
b'\x80\xef\x11\x1f\xc1\x83U\xe9',b'l\xad\x90n\xb0\xb9K\xb5',0.8657493456404934,0.9126637000669385,1.8183537916760213
"b'xH)\xf5\xac>S""'",b'\x85\xab\xeb\xdc\xcdMF\xc7',0.4001100957393646,0.3966107604183016,0.7694658463115895
b'\x9bf\x8d\x1b\x9f\xc3P\x9e',b'l\xad\x90n\xb0\xb9K\xb5',0.8245583955930796,0.8635595962835951,1.7707082422634706
b'\xc1PB\xf3\xdc\x15PC',b'*\x10\x9a\xb4\xba\xd9@*',1.2826484232859172,0.9800539086279847,1.4482578039169312
b'D\x91\x1b\x13|\xfbS\x18',b'l\xad\x90n\xb0\xb9K\xb5',0.8509616730002765,0.9179902430967042,1.8105903172713391
b'\xe4\xc3=\x00\x80\x95W\x9c',b'l\xad\x90n\xb0\xb9K\xb5',0.7991500542014085,0.9025912707010821,1.7373572901756171
b'c+>\xcfQ\x84Y\x9b',b'\x85\xab\xeb\xdc\xcdMF\xc7',0.44866537076209556,0.4402614511139195,0.9812956835621071
b'\xac\x98\x18\x16\x17\xa6\\5',b'l\xad\x90n\xb0\xb9K\xb5',0.7948034205141633,0.7978405738712618,1.7508427332763525
"b'\xc7""\x9b/d\x84Y}'",b'*\x10\x9a\xb4\xba\xd9@*',1.3549848953559864,1.040476808328666,1.4829807135783788
b'\xcfn\xf5f|XW\x88',b'\x85\xab\xeb\xdc\xcdMF\xc7',0.4129329598246817,0.4056911148234754,1.1979804241925005
b'\x97\xec\xc6:\x9d\xd3Rg',b'l\xad\x90n\xb0\xb9K\xb5',0.8226358100741158,0.7806566873286599,1.7786554536820705
b's\xf1Sf\x0e\x18P\\',b'.\x81\x0c\xd3q\x8dI\xab',0.7382893298534877,0.7849089503288269,1.2038766145706177
"b'\xa6\x0b\x8f,@`^\xa1'",b'\xfdi\x05\x9bb\xa3F\x9f',1.9673269271850586,4.8414366245269775,1.833832859992981
"b'Ku\xc5m""\xfdP\xa1'",b'.\x81\x0c\xd3q\x8dI\xab',1.5192440748214722,1.1549338102340698,1.630308985710144
b'\xa3:\xee\x98\x9e\xa6Y\x8b',b'l\xad\x90n\xb0\xb9K\xb5',0.9196284175452787,1.0057470397255013,1.8133895195768404
b'\x82\xb34p:\xceZt',b'\xfdi\x05\x9bb\xa3F\x9f',2.6713510036468504,7.782342624664307,3.3985755443573
"b""\xef\xb9G\x9a'\x80[A""",b'.\x81\x0c\xd3q\x8dI\xab',0.8205243871142122,1.0263700074141173,1.6055537176135768
b't\xdb\x19q\xef\x0fQ\x9a',b'\x85\xab\xeb\xdc\xcdMF\xc7',0.42801621001036533,0.42566241715868225,1.215097427368164
b'\x93\xfaT$\xefFT\x1f',b'l\xad\x90n\xb0\xb9K\xb5',0.9038310418404611,1.3544748677303018,1.4025553357950982
b'H\x86\x0c?\x88\xfaU\n',b'*\x10\x9a\xb4\xba\xd9@*',1.4024461900348393,1.1072428103014684,1.4963653380489672
b'L\xd6\xf9\x14\xdc\x04U\x18',b'*\x10\x9a\xb4\xba\xd9@*',1.3604335787077466,1.0900312496864866,1.5435056030999073
b'W\xdbAb\x926Z\xc6',b'l\xad\x90n\xb0\xb9K\xb5',0.7488011806133682,0.7588625242438214,1.752389578764667
b'\x1d9\x04\x03u\xaeR\r',b'.\x81\x0c\xd3q\x8dI\xab',0.724951827162104,1.035773845859265,1.7079507189355239
b'N\xe0\xa2\x8e\xbeY[<',b'\xfdi\x05\x9bb\xa3F\x9f',1.972206175327301,4.943063259124756,1.6646076440811157
b'+\xf3\x92\x16\xb0VQ\x1d',b'\xfdi\x05\x9bb\xa3F\x9f',1.906174898147583,4.541427373886108,1.574677062034607
b'D\xff\x07\xeeF\xa4U\x80',b'.\x81\x0c\xd3q\x8dI\xab',0.4942041029516533,0.5095645883135365,1.334592019541414
b'\x874\xb3\xde eWI',b'*\x10\x9a\xb4\xba\xd9@*',1.3883180954195697,1.1683778843732526,1.559742657370747
b'm\xd5\xddg\xf9x_\xa9',b'.\x81\x0c\xd3q\x8dI\xab',0.7043485674607124,0.3988073825748961,1.8738079056251415
"b'U\xb9\x1fm,\xcc\\o'",b'\xfdi\x05\x9bb\xa3F\x9f',1.9667846441268921,4.7927079677581785,1.6672531366348267
b'\x8f\xba\r\xfcw\x8a[\t',b'.\x81\x0c\xd3q\x8dI\xab',1.3544953414862335,1.279777630704372,0.6317683162365784
b'\x95dn\xe9(\xaa_\xa0',b'l\xad\x90n\xb0\xb9K\xb5',0.7241640772474223,0.6975234988572394,1.787712292135079
b'\xadZy\xe4\xe0\xadZ)',b'.\x81\x0c\xd3q\x8dI\xab',0.9372940063476562,0.9126803278923035,1.91255383316636
"b""'\x0f\xb8`\x8c\x94W\xee""",b'.\x81\x0c\xd3q\x8dI\xab',0.4789961612756635,0.4643624722957611,0.6148800253868103
b'xF\xd0\x93\xd4\xe2R`',b'\x85\xab\xeb\xdc\xcdMF\xc7',0.46655080703222823,0.46677505157798477,1.1761888488543273
b'W\xf5\xa5\x0c\x9bwSR',b'\xfdi\x05\x9bb\xa3F\x9f',2.784327983856201,7.9447051048278805,3.69374418258667
b'7\x16\xa0\xe4\x90wU\xbe',b'\x85\xab\xeb\xdc\xcdMF\xc7',0.4311820941605409,0.429667260477566,1.3176738043372
"b""\xf3B'\xc9\x1cj_I""",b'\xfdi\x05\x9bb\xa3F\x9f',1.8563753604888915,4.644453144073486,1.584136039776089
"b',\xd5L^\xf3\x01Q\xf5'",b'l\xad\x90n\xb0\xb9K\xb5',0.8487172391914631,0.9080563262080338,1.7857531016461596
b'V\xb9K\xcd\x9c\x1fQ\x9c',b'\xfdi\x05\x9bb\xa3F\x9f',1.9638272285461427,4.469353485107422,1.8211619138717652
b'\x85w\x90\x846.R\xb4',b'\x85\xab\xeb\xdc\xcdMF\xc7',0.3570567731995926,0.36357565990163965,1.155661064839481
b'K\xbbN&\xff9W>',b'e?~\xfb\xb9QL\xe7',3.228586844882718,0.6573722027034394,0.9300210084288216
b'U\x01\x15+\x1aBY\xe7',b'l\xad\x90n\xb0\xb9K\xb5',0.758011813152369,0.8672722856728161,1.658899520336539
b'\x15-\x85\x1cdDR-',b'e?~\xfb\xb9QL\xe7',2.341826654855245,0.2733131656152822,1.0645213994501417
b'\x0b\x8b:\xf0\xb8\xbf\\b',b'\x85\xab\xeb\xdc\xcdMF\xc7',0.47916018351037465,0.4733875833035088,1.147577752706944
b'\x15\x0f\x19\x1cb\xbeU\x8d',b'\xfdi\x05\x9bb\xa3F\x9f',2.8203438997268675,7.627997159957886,3.5100929737091064
b'\xf9\x0b\xe2m\x92\xa8[(',b'.\x81\x0c\xd3q\x8dI\xab',0.6144298315048218,0.5770624876022339,0.4799979271914406
b'\xb2:\x1f\xcd\x0e?P\xfa',b'e?~\xfb\xb9QL\xe7',1.0725392431345975,0.341734812080317,1.087860213049378
b'F\xf9\xb2\xbeZ\x91Pe',b'e?~\xfb\xb9QL\xe7',3.163799169804649,0.6990531592481916,0.9703946834180449
"b'""[\xbb3\x95\xf5U\x8b'",b'\x85\xab\xeb\xdc\xcdMF\xc7',0.48995430512571003,0.47849791715138446,1.0543280184676114
b'e\xf77\x898\xacS\xca',b'.\x81\x0c\xd3q\x8dI\xab',0.5096588432012202,0.4991621971130371,0.5870624037566275
b'vXH\xb1\x0fl\\\x83',b'\x85\xab\xeb\xdc\xcdMF\xc7',0.4605341396116889,0.4477893167378329,0.8789204503229103
b'\xb7R\x7fV\xee\x9bX\xdb',b'.\x81\x0c\xd3q\x8dI\xab',0.7169033039478955,0.7870203481833972,1.1723613502492327
"b'\xe0\xa1B\xd3\xc3w[,'",b'\xfdi\x05\x9bb\xa3F\x9f',2.0686581134796143,4.635888481140137,1.9575920820236206
b'e==n\x1ekZc',b'*\x10\x9a\xb4\xba\xd9@*',1.3959766466185712,0.8854597035073154,1.3227311037902132
b':\xbb\xcb\x15iaXr',b'l\xad\x90n\xb0\xb9K\xb5',0.9738308584024097,0.9697119600429371,1.8715377846938173
b'):w\xd3\x0c\xfbS\xcc',b'\x85\xab\xeb\xdc\xcdMF\xc7',0.38991923028440983,0.38375440567291635,0.8666640109874565
b'\x06\xc7\x04\x83\x8e\xd9V\xd5',b'*\x10\x9a\xb4\xba\xd9@*',1.2647248991727447,0.23748459779708886,1.2759878801147215
b'\xb4j\xee\x94\xad\xd9Y3',b'l\xad\x90n\xb0\xb9K\xb5',0.8994118357548224,0.977322502797955,1.7778539202208432
b'\x7f\xeav\xbeoqV4',b'\x85\xab\xeb\xdc\xcdMF\xc7',0.3600884731632191,0.3569073093306115,0.7333983660023544
b'o\x97\xd1\x80\x0e\x92UZ',b'.\x81\x0c\xd3q\x8dI\xab',0.6604989289161592,0.6554911005611735,1.107168027844447
"b'_\xbd\xed$,\xf5W\x1a'",b'\x85\xab\xeb\xdc\xcdMF\xc7',0.37260452558667917,0.3674447940280213,0.587496291718365
b'\x89\xdd\xb7aZ\xa8Z\x04',b'.\x81\x0c\xd3q\x8dI\xab',0.952086114870869,1.020915646893695,0.9714595298774076
b'[\xd9\xa1TMbT\x94',b'.\x81\x0c\xd3q\x8dI\xab',0.7516112742384191,0.39168406630908015,1.8116503953933716
b'+b\xbb{\xc9\xabS*',b'l\xad\x90n\xb0\xb9K\xb5',0.6918091120333228,0.7303911857895831,1.6935059038644238
b'\xb8\xb6*\xef\t9Y\xab',b'\x85\xab\xeb\xdc\xcdMF\xc7',0.37183619313974603,0.3726602508883404,1.1464750695894357
b'\x8a*\xe9&\xe9\xc4U\xbb',b'l\xad\x90n\xb0\xb9K\xb5',0.8355000910550044,0.821335165902755,1.7891188862447782
"b'""$Q\xd3\xab\x18R\x96'",b'l\xad\x90n\xb0\xb9K\xb5',0.7803709635279796,0.7905092916838579,1.7851169850826918
b'\xe5\xde\x9ee\xdc\xbbRq',b'l\xad\x90n\xb0\xb9K\xb5',0.7152467547967004,0.8528950720828984,1.514623172411708
b'\xad}\xc1\x03..T\x10',b'l\xad\x90n\xb0\xb9K\xb5',0.8862714605998577,0.8096343339942066,1.8322728282675376
b'\x93u\xea\xa8\xdc&W\x1a',b'\x85\xab\xeb\xdc\xcdMF\xc7',0.37082180488117666,0.3688050864493013,1.082625370261296
b'\xde\xbbD\x98\x7fUX&',b'l\xad\x90n\xb0\xb9K\xb5',0.688176379394059,0.6212520184823509,1.7664425139902715
"b'\x95%\x0b\xbc.U_""'",b'l\xad\x90n\xb0\xb9K\xb5',0.6999702845439358,0.6238552460250522,1.7828731971742493
b'd\xae\x12\x82\xadn_\x80',b'e?~\xfb\xb9QL\xe7',3.5945398342999617,0.6740299519954428,1.096455110618656
b'\x99\x0c\x824\x18\tS\x0f',b'l\xad\x90n\xb0\xb9K\xb5',0.7186574991404489,0.664692648978497,1.7650933886645912
b'\xd4\xcdRQ.\xbcZ4',b'e?~\xfb\xb9QL\xe7',2.258697568091544,0.51904514755759,1.1938518431594303
b'm\xec}\xf5\r\x8dWh',b'.\x81\x0c\xd3q\x8dI\xab',0.7274710405928377,0.5044476245203131,1.2259963386557993
b'\xe0Aby\xc5C[;',b'\x85\xab\xeb\xdc\xcdMF\xc7',0.38433027418820226,0.38374103719259206,0.786070711006792
b'C\x8aKR\xdb\xd7W\xfa',b'\x85\xab\xeb\xdc\xcdMF\xc7',0.37623587250709534,0.3736727237701416,0.7771164008384764
b'\xa3Y\xbc\xca\x9d\x12_\xfd',b'\x85\xab\xeb\xdc\xcdMF\xc7',0.3385756015777588,0.33397814631462097,0.7445897459983826
b'\xa4\x0f\x03\x9bvtW5',b'\x85\xab\xeb\xdc\xcdMF\xc7',0.38029924035072327,0.37955719232559204,0.8326354010204149
b'\x8d\xd7\xbf?[ T\xf3',b'e?~\xfb\xb9QL\xe7',3.0238698238355632,0.5304075048153702,0.8277211623007759
b'\x11\x069x4\xb6S7',b'e?~\xfb\xb9QL\xe7',2.047078016705735,0.604048487212436,1.0976878827476428
b'\x0b\x1b\xa2\xc4\x07\xcdP\xdd',b'e?~\xfb\xb9QL\xe7',1.7117067493866294,0.48208044748189666,1.051553981599469
b'J\xa6\xe6\x8dSb]\xf8',b'\xfdi\x05\x9bb\xa3F\x9f',1.976491093635559,4.535391807556152,1.7241084575653076
b'\xea\xdd{\xb1\x19\xc7]-',b'\xfdi\x05\x9bb\xa3F\x9f',2.9841273546218874,10.50244426727295,3.749371600151062
b'w?\xfa]\r\x04T\xa1',b'e?~\xfb\xb9QL\xe7',3.2091805934906006,0.6549202044917155,0.9410199522972107
b'\xf5\x1c\x90.\xa0JXg',b'e?~\xfb\xb9QL\xe7',0.7424614286871722,0.33859272127201073,1.0210933685302734
b'\xe9\xc1g!\xa4!PQ',b'e?~\xfb\xb9QL\xe7',3.026545524597168,0.6481755375862122,1.0096184953325464
b'=\x1c\x94uT\x98[J',b'.\x81\x0c\xd3q\x8dI\xab',0.3183435875484757,0.3165066445138239,1.3360481637807142
b'\x10\xd2\x07\x7f7Y]\x19',b'\x85\xab\xeb\xdc\xcdMF\xc7',0.28014135360717773,0.2728513777256012,0.712925136089325
b'\x8f\xdd\xdc\xab\x06LSO',b'l\xad\x90n\xb0\xb9K\xb5',0.788199697796548,0.786842881837231,1.8693275655996924
b'k\xe4\x9c\xdd\xf2\x89Y@',b'e?~\xfb\xb9QL\xe7',2.2316346168518066,0.5457345705039401,1.1248309425404661
b'+\x99\xad\x1e\x00\xfa_8',b'\x85\xab\xeb\xdc\xcdMF\xc7',0.41120150685310364,0.4122066795825958,1.22431541705736
"b""D\xd0(o'xX\x88""",b'e?~\xfb\xb9QL\xe7',2.0066552461661855,0.5760938137569308,1.0945513850977608
b'\xe23]6\xdf\xf3Z.',b'\x85\xab\xeb\xdc\xcdMF\xc7',0.6268481364600637,0.5991896906067591,1.4032841683406432
b'\x9c>~1\xc7\x16Yg',b'e?~\xfb\xb9QL\xe7',3.24700927734375,0.7611905386821235,0.9419392943382263
b'\x82\xaa@p\x9c4[\xad',b'\x85\xab\xeb\xdc\xcdMF\xc7',0.3968001730512172,0.39532952655490394,0.7832539241934272
b'\xb2\x13\xc6\xf4[\xccX\xd7',b'*\x10\x9a\xb4\xba\xd9@*',1.2124303579330444,0.19518858194351196,1.2053470611572266
b'L\x0cH\xa7\x0c+Q\x94',b'\x85\xab\xeb\xdc\xcdMF\xc7',0.3704745185492881,0.37020592165888827,0.879014584968085
"b""\x93'U\x14\xe5\xc7\\K""",b'\xfdi\x05\x9bb\xa3F\x9f',2.0047505140304565,4.675524091720581,1.7173306107521058
"b'""=\x07\x1e\xd3\xba^\x85'",b'\xfdi\x05\x9bb\xa3F\x9f',2.095428395271301,4.902140188217163,2.030190944671631
b'Q\x14&\xefU\x8eU ',b'\x85\xab\xeb\xdc\xcdMF\xc7',0.4694317134355648,0.4663894141350318,1.3662256444211882
b'\x88\x03\xc1\x93\x81*Y@',b'.\x81\x0c\xd3q\x8dI\xab',0.7781022672031905,0.8949215498317805,1.1949557448553647
b' \xdc\x93\xc3e\x94S\x95',b'l\xad\x90n\xb0\xb9K\xb5',0.8157777190208435,0.8139731474496052,1.802629790411463
b'\xc6\xe7\x953\x83l_\xa5',b'l\xad\x90n\xb0\xb9K\xb5',0.8904289996016799,0.9578770318630507,1.8025719550072345
b' \xeazE!\x11V\xa9',b'l\xad\x90n\xb0\xb9K\xb5',0.8265378208602688,0.907960854561509,1.7751582194126607
b'\xeb\x85?\xcaK\x99Z\x12',b'\x85\xab\xeb\xdc\xcdMF\xc7',0.4248892980949322,0.414961377349052,0.8761251557121057
b'#D&\xf2\x9bzX\xb9',b'\x85\xab\xeb\xdc\xcdMF\xc7',0.5332113922607367,0.5180891185750318,1.335811185006666
b'\x91\x82\x9f\xe2C\xa3]\xa1',b'\xfdi\x05\x9bb\xa3F\x9f',1.9112574338912964,4.54057207107544,1.6772130727767944
b'j\xe4#\xc9\xc9\x94]\xe0',b'l\xad\x90n\xb0\xb9K\xb5',0.7819499452220956,0.7442138605502373,1.6494904360700369
b'A\xab\xae\xeb\x03\xabS\xd5',b'.\x81\x0c\xd3q\x8dI\xab',1.185790224025807,1.246339158542014,1.4940780814149754
"b'\xb1\xdaL\x81\xe7\xc9W""'",b'l\xad\x90n\xb0\xb9K\xb5',0.8828910030048316,0.9094795018202106,1.8521045794150703
"b'1pa\xf9""\x07_\xb9'",b'l\xad\x90n\xb0\xb9K\xb5',0.9211691737570405,1.05679593081921,1.820102607451364
b'Y\xf1\xd1\x06\x03\x1cP\xfa',b'e?~\xfb\xb9QL\xe7',2.2722787774196576,0.6001717232346433,1.1251604929897416
"b'*]g""\xc3\xc2_K'",b'e?~\xfb\xb9QL\xe7',2.287621782487177,0.6020332366865712,1.1326749074840847
b'\x14\xa8Z\xdd\x8c\xf1^Z',b'e?~\xfb\xb9QL\xe7',2.286605122999807,0.5973615618774447,1.1403600700112557
b'&\x01\x9c\x86\x1e\x93T\x9c',b'\x85\xab\xeb\xdc\xcdMF\xc7',0.3525051108522904,0.35829795384807456,1.2566410119789886
b'_\xd5\x9b\x97\xd8\xd5S@',b'e?~\xfb\xb9QL\xe7',2.2689926624298096,0.6026928424835205,1.1213746858427072
"b'a\xd0\x81=,\xbfT\xed'",b'.\x81\x0c\xd3q\x8dI\xab',0.4081892562472507,0.4254107377907383,1.2832277956477594
b'ok\xf3\xa4*y]\xf9',b'l\xad\x90n\xb0\xb9K\xb5',0.8027687122981619,0.846765621926911,1.8306894087783916
b'\x02\x83%\xd8\xf8\xa0R\xb6',b'\x85\xab\xeb\xdc\xcdMF\xc7',0.33358592769424805,0.3291614904681145,0.7424891576364896
b'\x0fb\x9f\xa9\xd2cP9',b'l\xad\x90n\xb0\xb9K\xb5',0.8119147068986261,0.9577245622713068,1.793564563875209
b'S\xff1U\xff\xdbY\xb1',b'l\xad\x90n\xb0\xb9K\xb5',0.791880262046689,0.702187543680152,1.780151255135463
b'\x02\xb1\xd5j0\x9f]V',b'l\xad\x90n\xb0\xb9K\xb5',0.7723243500096104,0.7011750923416026,1.807483862813396
b'\xcbWW_\x1d\xac]m',b'l\xad\x90n\xb0\xb9K\xb5',0.7565304985754349,0.8007304606603473,1.7921680312716652
"b""\xa5k'\x11\xf7\x8fZ'""",b'l\xad\x90n\xb0\xb9K\xb5',0.7943463813654575,0.8164615728193739,1.8214361859251469
b'\x04\xd9\xf2\x08*nT\xa2',b'\x85\xab\xeb\xdc\xcdMF\xc7',0.3966088891029358,0.3969963788986206,0.7808806025664136
"b'\xe6\xd4\x14\xc2""\rQo'",b'\x85\xab\xeb\xdc\xcdMF\xc7',0.394780640948692,0.3803121097265634,0.979534442789172
b'C^5(y\xffU\x98',b'\x85\xab\xeb\xdc\xcdMF\xc7',0.5424944737482893,0.5353562923477588,1.3917560577392578
b'\xba> \xefV\xcd]6',b'\x85\xab\xeb\xdc\xcdMF\xc7',0.3443506436825668,0.3389435764152112,0.7249327790005108
b'\xbf\x98X\x96\xd5l]\xba',b'l\xad\x90n\xb0\xb9K\xb5',0.7212010849654324,0.7379325684971482,1.768944865870743
b'Z\x85\xcbg\xb0\xa2S\xed',b'l\xad\x90n\xb0\xb9K\xb5',0.7782070536455038,0.796800153244449,1.7854701915393525
b'mM\xf3c\x04;_p',b'e?~\xfb\xb9QL\xe7',2.0400755232577192,0.621824324131012,1.1109601259231567
b'\xf7\x85QV\xef\x1fS\xb0',b'l\xad\x90n\xb0\xb9K\xb5',0.8139007336965196,0.8415675981917791,1.7525411392667614
b'\x96\xad!\xf4+\xd5[\xe8',b'l\xad\x90n\xb0\xb9K\xb5',0.7762504416160408,0.91953255191447,1.168164702023331
b'\xf51\xea\x88\x1b\xa1^\xa4',b'l\xad\x90n\xb0\xb9K\xb5',0.8494655629464232,0.8823399676577997,1.7369277657911208
b'&y\x1c\xdc|/Y\xcd',b'l\xad\x90n\xb0\xb9K\xb5',0.8116463749869524,0.8969607302426712,1.7399346395935669
b'`\xbb\xc4\xf8\xd4.]\x0c',b'e?~\xfb\xb9QL\xe7',2.228491506295302,0.5991767639605425,1.1358231579516753
b'E\xf4\xbf\xbc@CZ\x96',b'l\xad\x90n\xb0\xb9K\xb5',0.7847520604590491,0.740919997503485,1.83692817568541
b'\xae\x14\xe9l\x9b\xeeT\xed',b'l\xad\x90n\xb0\xb9K\xb5',0.7646478460808882,0.7371154684398239,1.821278434145446
b'\x90\x84)b\x84\xc2P\xb3',b'\x85\xab\xeb\xdc\xcdMF\xc7',0.3426425324444317,0.34766444065528174,0.9413578975420156
b'1\xaft\xe3(\xbfS\xa2',b'l\xad\x90n\xb0\xb9K\xb5',0.7277103742105578,0.7005221741553391,1.756195100128608
b'\x1dOY\x1d3\xcbQ:',b'\xfdi\x05\x9bb\xa3F\x9f',1.9797803163528442,4.91346321105957,1.6458314418792725
b'\x05\x8a\x9b\xa0\x81\xeeS\x01',b'\x85\xab\xeb\xdc\xcdMF\xc7',0.41972142457962036,0.42758193612098694,1.3338719606399536
b'~\xaf\xfa\xf4-oW\x16',b'\xfdi\x05\x9bb\xa3F\x9f',1.972173810005188,4.720773696899414,1.6822481751441956
b'\xb1^\xc0\x9fF9Q\xb7',b'\xfdi\x05\x9bb\xa3F\x9f',1.9570552110671997,4.640594512105043,2.0852252006530763
b'\xfe\x01\xab\x13\xf9\x8e]\x0e',b'l\xad\x90n\xb0\xb9K\xb5',0.8414586235858411,0.883693715103086,1.8375721457115746
b'c\x94Win\x7fT\xa7',b'l\xad\x90n\xb0\xb9K\xb5',0.7920827739115778,0.8764773499852329,1.7839973469894563
"b'\xa3"";h\xfa>[\xa2'",b'e?~\xfb\xb9QL\xe7',2.210024491907945,0.5779286212873468,1.131307600038941
b'\x1e\xadQ\xa3\x91\x9aR\xfa',b'l\xad\x90n\xb0\xb9K\xb5',0.8446963838983366,0.8800168249058423,1.8138403581619582
"b'\x9c?Q""?\xf9];'",b'\x85\xab\xeb\xdc\xcdMF\xc7',0.375074112180379,0.3674093302662444,1.033497074604096
b'\xbe}\x9e\xbc[\x12P\x95',b'\x85\xab\xeb\xdc\xcdMF\xc7',0.3288002908229828,0.32401901483535767,0.7252135872840881
b'c\xf8g\xf1\x00\x99[c',b'l\xad\x90n\xb0\xb9K\xb5',0.8278356193251264,0.8699263220216058,1.7914045507738694
b'\x88\xe7\xcc\xf3\xbb\xa1P7',b'l\xad\x90n\xb0\xb9K\xb5',0.7959511009028173,0.7938603456168113,1.750707929930691
b'\x10\x9d\xc37>\xe7]\x1e',b'l\xad\x90n\xb0\xb9K\xb5',0.8373434360446355,0.8554129736244048,1.816729648206946
b'\xa0\x8dV\xaa\xba)^\xca',b'l\xad\x90n\xb0\xb9K\xb5',0.8677504875197928,1.069108161114273,1.9036514324160192
b'\xdd?\x05\x11\x9e8R+',b'\x85\xab\xeb\xdc\xcdMF\xc7',0.37712484855394757,0.37299727930620463,1.1087822728685828
b'\xcd\xd6\xdf\xfd\xa3EY&',b'\x85\xab\xeb\xdc\xcdMF\xc7',0.35888055631639365,0.35596488603980864,0.9604132808876432
b'U\x9di\xb2\xfa\x96X7',b'l\xad\x90n\xb0\xb9K\xb5',0.7866355180740356,0.7723628878593445,1.7430981397628784
b'j\x07\xba\xb9\xad\tZK',b'e?~\xfb\xb9QL\xe7',2.3144776448170825,0.5996952391812823,1.142097879232172
"b""\xdc-\xd4'\x07\x1aT'""",b'e?~\xfb\xb9QL\xe7',2.3784187949391358,0.6196643944665079,1.1175657788844304
b'y\x9f\t\x19TdUR',b'l\xad\x90n\xb0\xb9K\xb5',0.7238314079386363,0.7276466995067246,1.768937348667564
b'\x8bK\xf4T\x04jP^',b'e?~\xfb\xb9QL\xe7',2.284959818443733,0.5902899902224296,1.1305861396745736
b'\xa9\x88w^\xfe\x16S\xbb',b'e?~\xfb\xb9QL\xe7',3.7209004956038254,0.6991358399391174,1.0639748573303223
"b'\xd5\xa6""5\xc6\x03UA'",b'\x85\xab\xeb\xdc\xcdMF\xc7',0.350705253111015,0.35334282738163025,0.7927175882095251
b'g\xa69\xd30\x1fQ\xe0',b'\x85\xab\xeb\xdc\xcdMF\xc7',0.36124249343781517,0.3570110094743125,0.9192523722584751
b'\x8b\x05\x9e\x90\x00o]\x97',b'l\xad\x90n\xb0\xb9K\xb5',0.8317757976491831,0.7685650963280474,1.858860495648405
b'_\xe9\xcc\xc4\xaeY^\xfe',b'e?~\xfb\xb9QL\xe7',2.3670260271806525,0.602570065142567,1.111408449249914
b'\xa7\x8ccU\xe6/Q\xc8',b'\x85\xab\xeb\xdc\xcdMF\xc7',0.394672980343376,0.39645928568008876,1.288426912890488
b'\x00\x86^\x1c1\x11W\xd0',b'.\x81\x0c\xd3q\x8dI\xab',0.7206986980480982,0.7631604561267339,1.1756870829998485
b'\xd7\xb1G\xc6\xadDP\xc6',b'l\xad\x90n\xb0\xb9K\xb5',0.784016567258015,0.8024854346827566,1.7768122144430254
"b""\xa89\x1a'\xb3[Q\xe2""",b'l\xad\x90n\xb0\xb9K\xb5',0.7297708167613044,0.7369228493089909,1.5772090759794848
b'\x1a\x02\xc7\xa6\x97\xe8R\xb1',b'e?~\xfb\xb9QL\xe7',2.3796894269228566,0.5898824334144592,1.157400962263392
b'\xad\x0c/\xd8\x14\xd4Ti',b'l\xad\x90n\xb0\xb9K\xb5',0.7573830523659082,0.8130131201947217,1.7714126110076904
b'\nI\xd1\x1a\xceu^g',b'\xfc\x95\xc8{\x80oH\xf8',0.8476061775184233,2.165385916575526,1.7155606110192496
b'\xdf\x0b\x0c\xb0\x9b\x10T\xa7',b'l\xad\x90n\xb0\xb9K\xb5',0.8645944146580318,0.9561282507466895,1.8569975868183584
"b""#-j\x1b\xe1\xfa\\'""",b'\xfc\x95\xc8{\x80oH\xf8',0.6864504423941729,1.5450662272682296,1.5215287905014034
b'\xc8?\x86{\xf0\xcbPK',b'\xfdi\x05\x9bb\xa3F\x9f',2.8449203968048096,8.936400413513184,3.548771619796753
b'\xd8\xae\x88O\xd1(Y\xbc',b'\x85\xab\xeb\xdc\xcdMF\xc7',0.3980799225162007,0.39928965179057124,1.3171245637336684
b'\xc1\xcaoP\xed\xc5U\x1d',b'l\xad\x90n\xb0\xb9K\xb5',0.8263723558401437,0.85934483444848,1.81554280039137
b'i}\xf6#P\xabS\xf2',b'\x85\xab\xeb\xdc\xcdMF\xc7',0.41180431842803955,0.40601420402526855,1.2793644953452852
b'\xb5Qk\xeb\xbedQ\xad',b'\xfdi\x05\x9bb\xa3F\x9f',2.7319578170776366,9.776653289794922,3.6081786155700684
b'\x1f\x8b\xee\x10@\xfd]\x12',b'\xfdi\x05\x9bb\xa3F\x9f',2.083224582672119,5.080140590667725,2.1933974266052245
b'\r%\x99\xcd\x86%\\\x91',b'\xfdi\x05\x9bb\xa3F\x9f',1.9837796688079834,5.173516273498535,1.8230538964271545
b'\x94@%\x98\xb7\xabZ|',b'\xfdi\x05\x9bb\xa3F\x9f',1.9275781631469726,4.953332948684692,1.7927638053894044
b'\xa3\xb1\xa4e8\xabT6',b'e?~\xfb\xb9QL\xe7',3.219738625552535,0.6016101416719667,1.0472902609274324
b'\xc3\xa6;:\xfcJV\x9b',b'l\xad\x90n\xb0\xb9K\xb5',0.7768437787334219,0.8014471274488285,1.7987801420741631
b'v\x14k#|3_\xca',b'\xfdi\x05\x9bb\xa3F\x9f',1.949050486087799,4.846339702606201,1.6916004419326782
b'\xa1\xd8N\x0eoxT\xf0',b'\x85\xab\xeb\xdc\xcdMF\xc7',0.4169552032998792,0.3992793281236945,1.1964046099921188
b'g@qh\xd3rT\xd5',b'\x85\xab\xeb\xdc\xcdMF\xc7',0.4879961723796443,0.4804028028487074,1.1198482256621574
b'9r\x16\x8f!\xbf]\xd5',b'l\xad\x90n\xb0\xb9K\xb5',0.7733786178174986,0.7780767967630419,1.7953475194442972
b'/ji\xa7\x97\xecQU',b'l\xad\x90n\xb0\xb9K\xb5',0.8402061503583713,0.9345001625204976,1.823689904435737
"b'\xf9BGe)""^\x89'",b'l\xad\x90n\xb0\xb9K\xb5',0.8475518792153405,0.9457126423430251,1.839621917613782
b'\x7f\x15\xe0\xe2\xa2;_?',b'\xfdi\x05\x9bb\xa3F\x9f',2.1435658931732178,4.875913619995117,1.968140959739685
b'kR\xb8l\xf4BZ\xfa',b'l\xad\x90n\xb0\xb9K\xb5',0.8068880117663663,0.9421623518951379,1.7958296067205295
"b'a.""\xc3jqX\x17'",b'l\xad\x90n\xb0\xb9K\xb5',0.8196138508676578,0.9299655131487474,1.8198699967607403
b'\xd5\x81v_\xb0\xe1[\xa3',b'\xfdi\x05\x9bb\xa3F\x9f',1.9794643878936768,4.622983074188232,1.6454360485076904
b'M\xa4\x94\xf2\x14Z[\x82',b'l\xad\x90n\xb0\xb9K\xb5',0.833080723662119,0.9439534997758979,1.7804396971483571
b'\x19\xba\xd0P\x93\x92Zp',b'l\xad\x90n\xb0\xb9K\xb5',0.838708119459091,1.0823381580661229,1.8672818891323755
b'\xa7\xa3\xd6-\xcd\x8eY\x1b',b'*\x10\x9a\xb4\xba\xd9@*',1.3261206449916496,0.3252871632575989,1.3512437343597412
b'\x0c\xdf\x7f\x98\xac?Z\xa0',b'\xfc\x95\xc8{\x80oH\xf8',0.9321422506949758,0.9924015162191114,1.9725374138623923
b'\xc2\x92\xbbn2\xd2S\x93',b'l\xad\x90n\xb0\xb9K\xb5',0.8143504626229635,0.8620314241701577,1.8679715517879631
b'\x1dB\xca\x98:pQG',b'.\x81\x0c\xd3q\x8dI\xab',2.2085061609872905,0.46550363685543844,1.3220600942812732
b';{\xb9F\x03\x06]\xe3',b'\x85\xab\xeb\xdc\xcdMF\xc7',0.44669934961508523,0.4408403849182733,1.3262541463687747
b'z\xe5*\x92\x13\xacR\xb5',b'.\x81\x0c\xd3q\x8dI\xab',2.1852772476649767,0.49938603123801834,1.3644921950435216
b'\x15\xd6\xc0\xc7\x15!W\x17',b'e?~\xfb\xb9QL\xe7',2.15626288598184,0.4790764355421362,1.408026410345484
b'\xb6C\t\xb3\xc4!T\r',b'e?~\xfb\xb9QL\xe7',2.1363521858495305,0.5278056562773961,1.3420110233192915
b'W\x88\x1d\x0e\xfd\xf2^\xf7',b'l\xad\x90n\xb0\xb9K\xb5',0.9593401906158581,1.0992456030557285,1.7914186716079712
b'b\xe6La\xa9)WH',b'l\xad\x90n\xb0\xb9K\xb5',0.7974442544765827,0.7931755817386877,1.784002691764025
b'^T\xf2\xa9x0\\\xad',b'\x85\xab\xeb\xdc\xcdMF\xc7',0.4222113334806207,0.4137876870479821,0.8284283988053754
b'\xbc#\x80~\xb2MU\xec',b'\x85\xab\xeb\xdc\xcdMF\xc7',0.403255212509536,0.39617664861753743,0.7873886952324645
b'\xad\xc7!4\xc8#]k',b'*\x10\x9a\xb4\xba\xd9@*',0.8409734774613891,0.12428721154103313,0.6324635121082355
b'\x00R\xeb\x00\xb8\xb6P\xb7',b'\xfc\x95\xc8{\x80oH\xf8',1.0362609876623614,2.248503532852541,1.7956025928161998
b'su\xf1(\x86\xe3Q\x8a',b'\x85\xab\xeb\xdc\xcdMF\xc7',0.40602367275009826,0.4039578957518759,0.7870248904787178
b'\x10\x81\x17Y\xf7p_\x93',b'\x85\xab\xeb\xdc\xcdMF\xc7',0.5046372995558782,0.48200378744961125,1.3701957600624854
b'\xe6c\xf8\x10\xee\xfb_h',b'\x85\xab\xeb\xdc\xcdMF\xc7',0.37715703988045435,0.3785186618614085,0.7416838532382523
b'\xbc\xe76\xb7\xd0\xa1QF',b'l\xad\x90n\xb0\xb9K\xb5',0.7482523568954801,0.7447400873891334,1.7746890238580395
b'W\x7f7\xb3p\xed_\xd0',b'l\xad\x90n\xb0\xb9K\xb5',0.7401513599932656,0.7204369916595745,1.7730297400203023
b'\x06\xfe\x0b\xb5\x80\xb9X\xc7',b'\x85\xab\xeb\xdc\xcdMF\xc7',0.3635812961648003,0.3577271639869339,0.7622436439579116
b'\x14\x1f\x9a\xb1\xdb\\Pt',b'\x85\xab\xeb\xdc\xcdMF\xc7',0.3911362075265033,0.3915238740173809,0.7720239497863456
b'\xd3k\xc8\xd7ybY\xc2',b'\x85\xab\xeb\xdc\xcdMF\xc7',0.36378522897473714,0.3574294773437826,0.7373714031270844
b'\xb0\xecX\t\xf5\xc2X-',b'\x85\xab\xeb\xdc\xcdMF\xc7',0.37847973579698124,0.3735340383752465,0.7761552176073606
b'%:\x870\x1d\xb5U\x01',b'\x85\xab\xeb\xdc\xcdMF\xc7',0.5562153843224339,0.460748300763317,1.5290292826642635
b'\xadU\x84\x00\x06\x90X\x11',b'\x85\xab\xeb\xdc\xcdMF\xc7',0.3900291394171376,0.3874714512763213,0.7785184325610369
b'`%\x9a\xa8\xc3\x88U\xcc',b'\x85\xab\xeb\xdc\xcdMF\xc7',0.4532396169696374,0.44899766863851076,1.3476068338042837
b'-\xacb\xf0\x9d\xc7[\xf6',b'.\x81\x0c\xd3q\x8dI\xab',0.5850131148849886,0.5997658877093369,0.9171810195616158
b'\xd8a\xc8\xf7Q\xa0T\xd9',b'\x85\xab\xeb\xdc\xcdMF\xc7',0.37623393581833187,0.3744282938573802,1.185247308380174
b'I\x04]\x80\xdf>W\xaa',b'\xfdi\x05\x9bb\xa3F\x9f',1.960582160949707,4.7943390846252445,1.8561752557754516
b't\xff\xe0\xf3S\x0eYo',b'\x85\xab\xeb\xdc\xcdMF\xc7',0.45914285295310153,0.42658763466779553,1.3795194010767882
b'\ng\xc9\xb4MUUv',b'\x85\xab\xeb\xdc\xcdMF\xc7',0.3317028880119324,0.3294431269168854,0.7027211411936245
b'\xd7\x02\xe7bA\xa9X\xda',b'l\xad\x90n\xb0\xb9K\xb5',0.7886622491725376,0.8617305235291287,1.809565713433563
b'r\xb0\x05*\xf5lT=',b'\x85\xab\xeb\xdc\xcdMF\xc7',0.37049641763508034,0.36212833435796715,0.755394649736571
b'G4\xccZ\xf7\xdf^\xc3',b'\x85\xab\xeb\xdc\xcdMF\xc7',0.3791957966876127,0.37740999247518003,0.7643908765089206
b'\x95mT\x11d\xc5\\m',b'\x85\xab\xeb\xdc\xcdMF\xc7',0.37547484820821814,0.37160567707635506,0.7648814663103274
b'\x9e\x84A\xc0|\xa1\\B',b'l\xad\x90n\xb0\xb9K\xb5',0.7895617454653443,0.7238765344031203,1.801934596551492
b'N\xfe\xba\xc8\xca\xb0PR',b'\x85\xab\xeb\xdc\xcdMF\xc7',0.352892754306915,0.3511948276035453,0.7238342578346875
b'n\xb3#\xd2\x0e\xbbQ\x94',b'\x85\xab\xeb\xdc\xcdMF\xc7',0.37950462688561526,0.37434062657567446,0.7152362954079556
b'*_\x87+\xf7\n]\xa2',b'l\xad\x90n\xb0\xb9K\xb5',0.810180558547454,0.9809251159033187,1.8115614857509748
b'*\xa78}\xc5\xdfQX',b'\x85\xab\xeb\xdc\xcdMF\xc7',0.4192508219052141,0.40977063592881074,0.8509052617369521
b'\x1d\x03Q\xa1x\x8eTQ',b'\x85\xab\xeb\xdc\xcdMF\xc7',0.4245435672317623,0.4210298016867728,0.8256429564669193
b'\xec!]\xd3j\x91V[',b'\x85\xab\xeb\xdc\xcdMF\xc7',0.3773982399519888,0.37203256395683576,0.7641567368369849
b'\x86@\xf2B\xa8\xa5\\P',b'\x85\xab\xeb\xdc\xcdMF\xc7',0.36142801612625397,0.35756315554553203,0.7363546191727954
b'\x9f\xbeLHr}R\x07',b'l\xad\x90n\xb0\xb9K\xb5',0.8588047179559756,1.0724314588216282,1.8323662637904041
b'\x9e:|\xd1\xf1\xe1Uh',b'.\x81\x0c\xd3q\x8dI\xab',0.6765803382724216,0.6688682714196524,1.034331276189313
b'\xbeD3NM\xf3Q\xb1',b'e?~\xfb\xb9QL\xe7',1.583685533307415,0.2803203364256737,0.8222424973611334
b'x`5|o\x98^\xbd',b'e?~\xfb\xb9QL\xe7',3.3067214214142435,0.3661414887319753,0.8310905913994938
b'\xf5\x9b\xa0/b`V!',b'l\xad\x90n\xb0\xb9K\xb5',0.8041616021122285,0.9505226503272697,1.8366335210742444
b'r\xab\xd4\xda\xb6m^\xa5',b'\x85\xab\xeb\xdc\xcdMF\xc7',0.3702105503888748,0.36462161716036,0.7620264995620911
b'5\x80\xb7\xda\n\xcaZh',b'e?~\xfb\xb9QL\xe7',1.1250895767526012,0.38041932796326683,1.1627218977323173
b'\x99\x02 \x82\xb1\xfe^\xb5',b'\xfc\x95\xc8{\x80oH\xf8',1.205381481439946,2.66562820424873,1.7892474229708495
b'\xad9\xb0\x83}TW ',b'l\xad\x90n\xb0\xb9K\xb5',0.8900752740520979,0.8154161804686437,1.8534494825049683
b'\x85\xba.\x98\x91[W\xc9',b'l\xad\x90n\xb0\xb9K\xb5',0.805929132429122,0.8750082190705436,1.8542728741997934
"b'\xefu\xb9\xdf""\xc9Z\xf8'",b'l\xad\x90n\xb0\xb9K\xb5',0.8620098466795528,0.9977903745882096,1.8219458797980965
b'\x07\xab\x19\xd2#\x87P\xc8',b'\x85\xab\xeb\xdc\xcdMF\xc7',0.38232935270472934,0.3775489170737499,0.9670941798469318
b'Y\x8d\xbc\x86\x19\x9c]\\',b'e?~\xfb\xb9QL\xe7',1.1758306940333765,0.47444381816047027,1.1822226075303315
b'\x883}\x057\xaaS!',b'\x85\xab\xeb\xdc\xcdMF\xc7',0.4316735021118029,0.4140420310234786,1.3296764295815715
b'\x8b\xc8\x7f\xad\x88\xf2R\xeb',b'\x85\xab\xeb\xdc\xcdMF\xc7',0.3722534735455478,0.366586271373609,0.7669383736844141
b'\xf1H\x97s\xc7\xb5V\xf2',b'e?~\xfb\xb9QL\xe7',3.2409178956346985,0.7073183102606848,0.9507027692328935
b'\x03\xce3\xd6\xdc\xcf_\x99',b'.\x81\x0c\xd3q\x8dI\xab',0.38055143123984025,0.4011390235132786,1.2655678694191688
b'\xcem3)H<X\x16',b'*\x10\x9a\xb4\xba\xd9@*',1.0250285327658764,0.4853196965088939,1.1691184043884277
b'\xd6#\x1bz\xc8\x90RR',b'\x85\xab\xeb\xdc\xcdMF\xc7',0.3543233409653889,0.3486021693534302,0.864700511475561
b'\xc2\\@\x8d\xe4J^$',b'\x85\xab\xeb\xdc\xcdMF\xc7',0.3952242782701926,0.3857589429162391,0.7943242971651937
b'@@\x17\x8a\xeaQ_5',b'l\xad\x90n\xb0\xb9K\xb5',0.8105398575760703,0.8215740919113159,1.7990963603272996
b'\xc3\xab\x03\xc4I\xcdZ\xd2',b'e?~\xfb\xb9QL\xe7',3.5177180767059326,0.29695930002752413,0.9457988785897201
b'\x105\xc5yv\xfa]\xe3',b'\x85\xab\xeb\xdc\xcdMF\xc7',0.3830683871677011,0.37981525169711083,0.7605319315902984
b'_f\x94Z\x17\xf5^\xa8',b'\x85\xab\xeb\xdc\xcdMF\xc7',0.43531265452810886,0.42238251380075775,1.0862242976285985
b'T[\xad\xcd\xd5\xbfYi',b'e?~\xfb\xb9QL\xe7',1.3093579206298955,0.44190185293480194,1.1327857600825637
b' \x8c\xb9C^\xb5P\x9d',b'\x85\xab\xeb\xdc\xcdMF\xc7',0.3572580814361572,0.3412310779094696,0.7438629865646362
b'\xe7{\xd2Gc\x9f^\x88',b'l\xad\x90n\xb0\xb9K\xb5',0.9108881216103119,0.9034386330299611,1.9117656331126622
b'\xbb\x82\xd0\xde\xfc\xafWE',b'\x85\xab\xeb\xdc\xcdMF\xc7',0.38458467139683283,0.3789200025434363,0.828373543357388
b'\xd4\x1f\xdf\x8bNETG',b'\x85\xab\xeb\xdc\xcdMF\xc7',0.38748806475156505,0.3843932226249809,0.8064905534723461
b'\x120}\xe7O\x96\\G',b'\xfdi\x05\x9bb\xa3F\x9f',1.8706244230270386,4.54298210144043,1.690615177154541
b'\xe5\xdd\x03\xbe\xe1\xb8^\xb7',b'\x85\xab\xeb\xdc\xcdMF\xc7',0.39202437337003604,0.3876383563718615,0.7492123045599414
b'\x9c\xeb\x010\xbao\\\xa1',b'\x85\xab\xeb\xdc\xcdMF\xc7',0.41629337087773227,0.4129044815588688,0.7942330042188772
b'.\x1cQ\xf0\xf9%Rg',b'\x85\xab\xeb\xdc\xcdMF\xc7',0.3838779043847682,0.375619157394835,0.7883255604523713
b']\xd3\xa3bTUR\x88',b'l\xad\x90n\xb0\xb9K\xb5',0.8801605432261288,0.835332150378013,1.8736358186563165
b'\x84\x04\xc5\x0e\xa3aPH',b'e?~\xfb\xb9QL\xe7',4.5845705907135414,0.510695615009798,1.2119013583958371
b'Nngl\xa2JYI',b'\x85\xab\xeb\xdc\xcdMF\xc7',0.42350303283325086,0.4206881935307274,0.803619854326829
b'7?n4\xd0\xa8W\x8e',b'\x85\xab\xeb\xdc\xcdMF\xc7',0.3780774176120758,0.37076476216316223,0.7275536123948825
b'\x8f\x97\x89\x1ab0_b',b'\x85\xab\xeb\xdc\xcdMF\xc7',0.38504023933664183,0.3740947241685005,0.7545182114438165
b'fSb\xcd\xdfX]q',b'l\xad\x90n\xb0\xb9K\xb5',0.8604993444782095,0.9149752159826202,1.8345536563671614
b'\xf3K^p\xde\xeaWv',b'\x85\xab\xeb\xdc\xcdMF\xc7',0.3855640837431105,0.381997260167922,0.7544500136169605
b'jTc\xd2d\xf5Z\xe1',b'\x85\xab\xeb\xdc\xcdMF\xc7',0.39862722927074357,0.3941694973472978,0.76916429059544
b'#K[S\xf7\xe8P~',b'\x85\xab\xeb\xdc\xcdMF\xc7',0.39450195700776985,0.39027775342580073,0.7827247324100435
b'w\xa2Aa\xcd9Y\xcf',b'\x85\xab\xeb\xdc\xcdMF\xc7',0.39967177377631247,0.3968324400576389,0.7855840945689508
b'\xfb\x1ce\x079j^\xab',b'\x85\xab\xeb\xdc\xcdMF\xc7',0.39929747608009897,0.3942681436477361,0.8391544417247583
b'\x8c\r\x0e!r&X\x01',b'\x85\xab\xeb\xdc\xcdMF\xc7',0.38308427348756824,0.3789533980326361,0.7633646130561829
b'\x9fb+U\xb9\x02[\xfd',b'\x85\xab\xeb\xdc\xcdMF\xc7',0.37211951328992415,0.36201937587647753,0.741841209114662
b'\xce\x07\x03\n\xf5\xda]\xe5',b'\x85\xab\xeb\xdc\xcdMF\xc7',0.37421604842285683,0.368780740001724,0.7604641917562077
b'\x878\xb1C\xb7\xe8X\x8b',b'\x85\xab\xeb\xdc\xcdMF\xc7',0.40181045362837675,0.40015140671685384,0.8188802807213377
b'\x04\xea\xdb\x0e\xaa\xf8U_',b'.\x81\x0c\xd3q\x8dI\xab',0.837675929069519,1.5899269017529079,1.1980689055481961
b'\x1e\xae\xa53\x8etR\x86',b'\x85\xab\xeb\xdc\xcdMF\xc7',0.3815692202018197,0.38520851152052166,0.7506929584630769
b':\x97\xb3X\xfe\x02^\xbf',b'.\x81\x0c\xd3q\x8dI\xab',0.5434999608572045,0.5165223303324734,0.5431840855199997
b'\xc0\xa3k\xd6 \x14RS',b'\x85\xab\xeb\xdc\xcdMF\xc7',0.37167108058929443,0.37257957458496094,0.7301880717277527
b'\x02H\x93\xfbG\xab_%',b'l\xad\x90n\xb0\xb9K\xb5',0.8772826147996715,0.965556903009653,1.787238422905388
b'\xf3\xf9\xf4~\xd0\x80WB',b'\x85\xab\xeb\xdc\xcdMF\xc7',0.396665297589205,0.38836786345679897,0.7397687655870702
"b""\x1f\xd0'\xa4\x98\xb0Uf""",b'\xfdi\x05\x9bb\xa3F\x9f',2.339955759048462,5.029611492156983,3.2971179485321045
b'hX\xba\xf8\x86\x11X\x96',b'.\x81\x0c\xd3q\x8dI\xab',0.6883088905623728,0.7070622625811669,0.824443798793335
b'n\xfb\x0e3\x98\xfc\\\xfc',b'l\xad\x90n\xb0\xb9K\xb5',0.7835556356782183,0.867638582594215,1.7750701412447323
b'+\xd3\x9d\x08\x11(Z\xbf',b'\x85\xab\xeb\xdc\xcdMF\xc7',0.40475649263011965,0.392522953890134,0.777281824997338
b'U\xe6\xd8p1\x05T\xe8',b'l\xad\x90n\xb0\xb9K\xb5',0.755707631008059,1.0041723758305066,1.6235794434772077
b'\xe0\xd4\x06\xd2)\xfcQ\xb0',b'\x85\xab\xeb\xdc\xcdMF\xc7',0.3762707117787075,0.364978697093762,0.6988038503615939
b';u8\xe2\xa2\xbeT\xdc',b'.\x81\x0c\xd3q\x8dI\xab',0.9881994875200534,0.7312221776164223,1.0194273028606786
b'\xa4\xadT\x9a\x06mW\xf4',b'l\xad\x90n\xb0\xb9K\xb5',0.6818735939764179,0.6040207511109176,1.7196299191448732
b'6\x03G\x8fY\xf7Yu',b'e?~\xfb\xb9QL\xe7',1.9906805753707886,0.347724538750575,1.0811258554458618
b'(M]\x8e\xe3\xd4XD',b'.\x81\x0c\xd3q\x8dI\xab',1.1693204607056775,1.7827475975475942,0.8630379811012272
b'\xce\x9b1\xf4T\x12W\x8f',b'*\x10\x9a\xb4\xba\xd9@*',1.1876287470487952,0.2561581829263552,1.217347321488019
b'\xe8.>S\x187W\x9c',b'.\x81\x0c\xd3q\x8dI\xab',1.2101791196067286,2.2072367481357444,0.8898449985234667
b'\xe8T\xe7\xb9\xb2wP\xea',b'l\xad\x90n\xb0\xb9K\xb5',0.795910604733427,0.8363476395606995,1.7678042106588487
b'\x13\xb8\xdd\xf5|C[\xbd',b'l\xad\x90n\xb0\xb9K\xb5',0.7590901255607605,1.016677975654602,1.349858546298455
b'\x1f\xea\xce\xb4\xc8\xd7SN',b'\x85\xab\xeb\xdc\xcdMF\xc7',0.37130826711654663,0.3646603226661682,0.7595927831842276
b'\xe5gks\xfc\x9aYX',b'*\x10\x9a\xb4\xba\xd9@*',1.3101133684700184,0.9690444445739153,1.475082449254436
b'^\xad\x90ErIQ\n',b'\x85\xab\xeb\xdc\xcdMF\xc7',0.440748967238663,0.4423246610361991,0.8885769771122617
b'o\x0ebu\x85\xd2T\xbd',b'.\x81\x0c\xd3q\x8dI\xab',0.8414409383753295,1.532372618520999,1.4507610921231728
b'\xech\xc8~\xebN^\x85',b'\x85\xab\xeb\xdc\xcdMF\xc7',0.45816750271948453,0.4522495474516997,0.9488971949343603
"b'\xf8,\x1b\x99J\x8eT&'",b'l\xad\x90n\xb0\xb9K\xb5',0.8471390188405006,0.8158672017517937,1.9106909231133233
b'0\x9f\xe3\xaad>Z\xfa',b'\xfdi\x05\x9bb\xa3F\x9f',2.046755313873291,5.066658592224121,2.166569185256958
b'\xa1\xff\xcb\x7f\xa4\x97Pc',b'\xfc\x95\xc8{\x80oH\xf8',0.890106129188094,1.6988423458791315,1.7876351065668832
b'^)\xe5{\xacWY\x9b',b'\x85\xab\xeb\xdc\xcdMF\xc7',0.4485953224412448,0.4444920510804778,0.8625888425998998
b'`cC\x89\xea\x84Z\xad',b'\x85\xab\xeb\xdc\xcdMF\xc7',0.3957409283292759,0.3949047870648623,0.7461381614225806
"b'V\xc2\xbeCR""U\x11'",b'\x85\xab\xeb\xdc\xcdMF\xc7',0.39373256489706343,0.3900997626945711,0.7495729138893379
b'4\xab\xe1w\xfa\xbaX\x05',b'\x85\xab\xeb\xdc\xcdMF\xc7',0.37915933027993765,0.37334718706649256,0.7454456219873935
b'9\x1e+\xc0\x8f~_4',b'\x85\xab\xeb\xdc\xcdMF\xc7',0.3751459399415495,0.3665778225441611,0.7508989399030886
b'\xc6<\x9b\x00\xef\xfbS0',b'\x85\xab\xeb\xdc\xcdMF\xc7',0.390549483420226,0.3883013108996268,0.7740826512264081
b'\x8a\xa9\xf9\xcf\xe1\x99S\xf2',b'\x85\xab\xeb\xdc\xcdMF\xc7',0.350085715147924,0.3510833105479174,0.7330011492278713
b'\xaa\xd5\xc7\x8b\x14rZ\xba',b'\xfdi\x05\x9bb\xa3F\x9f',2.6109779357910154,6.926208877563477,3.3284969329833984
"b']\x87\x85\xb8,\xd5X\xdb'",b'.\x81\x0c\xd3q\x8dI\xab',0.9204783945372973,0.8372049827699553,1.335652893035529
b'3\xd3\x01\xcc3*R\xa9',b'\x85\xab\xeb\xdc\xcdMF\xc7',0.6124500968207556,0.6036204299102749,1.280231594594776
b'\xc2\xe70\xf6\t\xf0W\xaa',b'l\xad\x90n\xb0\xb9K\xb5',0.889201283454895,0.8637392520904541,1.8618712425231934
b'\x98\x85I\x82\xee\xa0WH',b'\xfdi\x05\x9bb\xa3F\x9f',2.5777565956115724,6.719608402252198,3.254357481002808
b'<\xb6\x02]\xb6\xfb_`',b'\x85\xab\xeb\xdc\xcdMF\xc7',0.4021096216966756,0.4008080128580565,0.7829038371653823
b'\xcc\xdf\xd3\x1e\xae?Y9',b'l\xad\x90n\xb0\xb9K\xb5',0.897774594928978,0.866990506213291,1.8106872418569162
b'\xa2-\xa4\x97~G\\~',b'l\xad\x90n\xb0\xb9K\xb5',0.8389424311316163,0.8548424250420548,1.7823312667108513
b'\xa7\xd5\xa4\xb3\xe4\x03T\xe2',b'l\xad\x90n\xb0\xb9K\xb5',0.7869625971697175,0.8163513278439736,1.7332398591984326
b'M\xb8\x92G\xf2\xc2W|',b'\x85\xab\xeb\xdc\xcdMF\xc7',0.5918655311725514,0.5868010866401179,1.3044775077555395
b'W\xc2)\x94\x8f\xadY\x1d',b'e?~\xfb\xb9QL\xe7',2.651426076889038,0.6362596750259399,0.9437978468312451
b'\x12\x85\xaf\xa5\xfc\xb2[\xe2',b'\x85\xab\xeb\xdc\xcdMF\xc7',0.4101784618227501,0.40532190263527135,0.7692326601552459
b'N\xf1M2\xf6\tRq',b'l\xad\x90n\xb0\xb9K\xb5',0.7184813050464492,0.8534543865603719,1.3244614601135254
b'K\x1c\x11\xbbQ3R!',b'\x85\xab\xeb\xdc\xcdMF\xc7',0.3803983247716374,0.3751052061772818,0.7852366281572217
b'\xac\xa0\x92vP?R\xf7',b'\x85\xab\xeb\xdc\xcdMF\xc7',0.4065600730001807,0.40024016838893495,1.1797580793020965
b'\x0c\x97\x8e\n\x06z^\xe6',b'\x85\xab\xeb\xdc\xcdMF\xc7',0.41412990264140287,0.4127140894246146,0.7738373188508504
b'\x10\xfa\xb2\x9a5\xdcPK',b'.\x81\x0c\xd3q\x8dI\xab',0.3710316564460736,0.3810063097723094,1.257743651810134
b'(\xa9w\xb9\x13\xe4U\xe7',b'l\xad\x90n\xb0\xb9K\xb5',0.8262003660202026,0.7843343615531921,1.822430527082372
"b""\xbe\xb7%\x86'9_\xd9""",b'\x85\xab\xeb\xdc\xcdMF\xc7',0.3970012939778182,0.3925914644378847,0.7486824733017847
b'\x1e\x92o\x16\xca\x0bQ\xe7',b'\x85\xab\xeb\xdc\xcdMF\xc7',0.39115672788654277,0.38997516398205845,0.8157317821596467
b'\xd5\xd3\xc59\x08!_8',b'.\x81\x0c\xd3q\x8dI\xab',0.7995461878170259,0.8632479191843252,0.8574382397812332
b'\x8fI\xe6\x19\x00\xd4_\xb4',b'\x85\xab\xeb\xdc\xcdMF\xc7',0.3878026100015888,0.383937320882935,0.7613788209924105
b'\xc3\xeaP\x0f\x1e\xb7V\x83',b'*\x10\x9a\xb4\xba\xd9@*',0.6939363714104545,0.36396042062564715,0.7440446019172668
b'\xf1\xae\xe1\x01\xbc\xf3Sd',b'l\xad\x90n\xb0\xb9K\xb5',0.8393415265834635,0.9349402950750331,1.7416426509347995
b'\xc0B\x0c\xeb\xf9\xf1T\xfc',b'\x85\xab\xeb\xdc\xcdMF\xc7',0.5804536938667297,0.5300596952438354,1.399935007095337
b'Z\x01\xbfi|\x81ZI',b'\x85\xab\xeb\xdc\xcdMF\xc7',0.46218176229707886,0.45712849457914284,0.8436191846647751
b'\xa5{\xdaxnH[\x91',b'\x85\xab\xeb\xdc\xcdMF\xc7',0.9008218627533413,0.5227272331519907,0.8094916274245131
b'y\xd5\\y\xd31W`',b'\x85\xab\xeb\xdc\xcdMF\xc7',0.4539686834452696,0.4519415264326509,0.7837949958151317
"b'\xe7\x8f{\xa0\x07""SO'",b'.\x81\x0c\xd3q\x8dI\xab',0.37565949454410036,0.3832953218928984,1.2587075815321
b'\x191v\xcf\x8f\x88P\x1b',b'\x85\xab\xeb\xdc\xcdMF\xc7',0.4022526594914068,0.3988594520782928,0.8757558695304908
b'q\xef\xce\x07\xca\xf5^\xe3',b'l\xad\x90n\xb0\xb9K\xb5',0.8274141296438691,1.0180514443734865,1.7855237002152475
b'\xc1p)M\xcc\xef^%',b'l\xad\x90n\xb0\xb9K\xb5',0.7810008877800811,0.7931126362773745,1.8467114062575876
b'R\xf0cs\x9b\xa4Q\xc5',b'l\xad\x90n\xb0\xb9K\xb5',0.7103410464156615,0.8612434030266848,1.1342184255582135
b'\xf7\xdb\xf3\xf7[\xcfW9',b'\x85\xab\xeb\xdc\xcdMF\xc7',0.40011102375104846,0.3966253041131156,0.777195473108985
b'\xffeG\x95I\xb5Tv',b'\x85\xab\xeb\xdc\xcdMF\xc7',0.4552372660732325,0.45173010417598397,0.9811627326088003
b'\xbd\xdf\xa4\x8c\xe6 T\xfc',b'l\xad\x90n\xb0\xb9K\xb5',0.9986886875860422,1.088714034687595,1.5826502126447681
b'4\xb9\xf9\x1d]hXS',b'\x85\xab\xeb\xdc\xcdMF\xc7',0.41962538088180246,0.4162577692824133,0.7909338953317128
b'\xe6\xf4a\xb0\x02\xccP2',b'l\xad\x90n\xb0\xb9K\xb5',0.7384517587420116,0.7759539484977722,1.4323235176547764
b'\xe6\xee{\xac\x8ebPz',b'l\xad\x90n\xb0\xb9K\xb5',0.6692898553058272,0.6945301951241658,0.9849483038648561
b'\xd1\x0b\x8e\x82\xf0UPx',b'e?~\xfb\xb9QL\xe7',2.4643187459413096,0.5382078111749172,0.8591735458627794
b'\x12\xd0\xc8\x0e\x97\xb7]d',b'\xfdi\x05\x9bb\xa3F\x9f',2.589516282081604,7.297992706298828,3.3378286361694336
b'\xe7\xe9\xed\xbf\xa4\xecZ\xc5',b'l\xad\x90n\xb0\xb9K\xb5',0.8616702320685368,0.8720380318768487,1.775300260764295
b'\xb8\xa5\xa5J\xb1\xe5R[',b'\x85\xab\xeb\xdc\xcdMF\xc7',0.4511756896972656,0.4524994492530823,1.2137322473171006
b'\x86\x98\xee\xef\xdcu_\x94',b'\x85\xab\xeb\xdc\xcdMF\xc7',0.3998586084731784,0.4037888015734846,1.2968778079578418
b'\xa5\xd6?\xae\xaa\x95V\xca',b'\xfdi\x05\x9bb\xa3F\x9f',1.976485252380371,4.656019687652588,1.8353052139282227
b'M\x9d$\n2\xa2]\xd7',b'l\xad\x90n\xb0\xb9K\xb5',0.8450499356793889,0.9542335107888491,1.7811218858446953
b'\x0cagSW\xcaX\x84',b'\xfdi\x05\x9bb\xa3F\x9f',1.909583282470703,4.5129190444946286,1.848080539703369
b'eM\xdb\n\xc2\x03W\x17',b'\x85\xab\xeb\xdc\xcdMF\xc7',0.3493231534957886,0.34913217596364554,1.3099900484085083
b'\xe6\xde\xca\x99\xf2\xdd[R',b'\xfdi\x05\x9bb\xa3F\x9f',2.037185716629028,5.273572206497192,2.1332648515701296
b'\xa3\x90\xbbc\xcba\\\x91',b'\xfc\x95\xc8{\x80oH\xf8',0.8883581414936367,1.8491889832597448,1.818909732728358
b'f\xa8\xf18|\xe8]\x9d',b'e?~\xfb\xb9QL\xe7',3.2585215359394244,0.6577697067987909,0.9986581206321716
